last_name,first_name,full_name,party,state,edu_college,edu_med,edu_law,edu_masters,edu_doctorate,work_bluecollar,work_business,work_education,work_farming,work_lawenforcement,work_lobbying,work_media,work_medicine,work_military,work_nonprofits,work_privatelaw,work_realestate,work_religiousleader,work_science,work_sports,gov_fedstate,gov_local,gov_none,gov_publiclawyerjudge,gov_stateleg
Finkenauer,Abby,Abby Finkenauer,Democrat,IA,private,,,,,,,,,,,,,,,,,,,,,,,,1
Spanberger,Abigail,Abigail Spanberger,Democrat,VA,public,,,1,,,1,,,1,,,,,,,,,,,,,1,,
Kinzinger,Adam,Adam Kinzinger,,IL,public,,,,,,1,,,,,,,1,,,,,,,,1,,,
Schiff,Adam,Adam Schiff,,CA,elite,,1,,,,,,,,,,,,,1,,,,,,,,1,1
Smith,Adam,Adam Smith,,WA,private,,1,,,,,,,,,,,,,1,,,,,,,,1,1
Smith,Adrian,Adrian Smith,,NE,public,,,,,,1,1,,,,,,,,,,,,,,1,,,1
Espaillat,Adriano,Adriano Espaillat,,NY,public,,,,,,,,,,,,,,1,,,,,,,,,,1
Green,Al,Al Green,,TX,none,,1,,,,,,,,1,,,,,1,,,,,,,,1,
Lawson,Al,Al Lawson,,FL,public,,,1,,,1,,,,,,,,,,,,,1,,,,,1
Lowenthal,Alan,Alan Lowenthal,,CA,private,,,1,1,,,1,,,,,1,,,,,,,,,1,,,1
Sires,Albio,Albio Sires,,NJ,private,,,1,,,,1,,,,,,,,,,,,,,1,,,1
Hastings,Alcee L.,Alcee L. Hastings,,FL,private,,1,,,,,,,,,,,,,1,,,,,,,,1,
Mooney,Alex,Alex Mooney,,WV,elite,,,,,,1,,,,,,,,1,,,,,,,,,,1
Ocasio-Cortez,Alexandria,Alexandria Ocasio-Cortez,Democrat,NY,private,,,,,1,,,,,,,,,1,,,,,,,,1,,
Adams,Alma,Alma Adams,,NC,public,,,1,1,,,1,,,,,,,,,,,,,,1,,,1
Bera,Ami,Ami Bera,,CA,public,1,,,,,,1,,,,,1,,,,,,,,,1,,,
Carson,André,André Carson,,IN,private,,,1,,,1,,,,,,,,,,,,,,,1,,,
Barr,Andy,Andy Barr,Republican,KY,public,,1,,,,,,,,,,,,,1,,,,,,,1,,
Biggs,Andy ,Andy Biggs,,AZ,private,,1,1,,,,,,,,,,,,1,,,,,,,,,1
Harris,Andy,Andy Harris,,MD,private,1,,1,,,,,,,,,1,1,,,,,,,,,,,1
Kim,Andy,Andy Kim,Democrat,NJ,elite,,,1,1,,,,,,,,,,,,,,,,1,,,,
Levin,Andy,Andy Levin,Democrat,MI,private,,1,1,,,1,,,,,,,,1,,,,,,1,,,,
Craig,Angie,Angie Craig,Democrat,MN,public,,,,,,1,,,,,,1,,,,,,,,,,1,,
Kirkpatrick,Ann ,Ann Kirkpatrick,Democrat,AZ,public,,1,,,,,1,,,,,,,,1,,,,,,,,1,1
Kuster,Ann McLane,Ann McLane Kuster,,NH,elite,,1,,,,1,,,,1,,,,,1,,,,,,,1,,
Wagner,Ann,Ann Wagner,,MO,public,,,,,,1,,,,,,,,,,,,,,1,1,,,
Eshoo,Anna,Anna Eshoo,,CA,none,,,,,,,,,,,,,,,,,,,,,1,,,
Brindisi,Anthony,Anthony Brindisi,Democrat,NY,private,,1,,,,,,,,,,,,,1,,,,,,1,,,1
Brown,Anthony G.,Anthony G. Brown,,MD,elite,,1,,,,,,,,,,,1,,1,,,,,1,,,,1
Gonzalez,Anthony,Anthony Gonzalez,Republican,OH,public,,,1,,,1,,,,,,,,,,,,,1,,,1,,
Delgado,Antonio,Antonio Delgado,Democrat,NY,private,,1,1,,,1,,,,,,,,,1,,,,,,,1,,
Scott,Austin,Austin Scott,,GA,public,,,,,,,,,,,,,,,,,,,,,,,,1
Pressley,Ayanna,Ayanna Pressley,Democrat,MA,none,,,,,,,,,,,,,,,,,,,,,1,,,
Lee,Barbara,Barbara Lee,,CA,private,,,1,,,,,,,,,,,,,,,,,,,,,1
Loudermilk,Barry,Barry Loudermilk,,GA,private,,,,,,1,,,,,,,1,,,,,,,,,,,1
Cline,Ben,Ben Cline,Republican,VA,private,,1,,,,1,,,,,,,,,1,,,,,,,,1,1
McAdams,Ben,Ben McAdams,Democrat,UT,public,,1,,,,,,,,,,,,,1,,,,,,1,,,1
Luján,Ben Ray,Ben Ray Luján,,NM,public,,,,,,,,,,,,,,,,,,,,1,,,,
Thompson,Bennie G.,Bennie G. Thompson,,MS,private,,,1,,,,1,,,,,,,,,,,,,,1,,,
McCollum,Betty,Betty McCollum,,MN,private,,,,,1,,1,,,,,,,,,,,,,,1,,,1
Flores,Bill,Bill Flores,,TX,public,,,1,,,1,,,,,,,,,,,,,,,,1,,
Foster,Bill,Bill Foster,,IL,public,,,,1,,1,,,,,,,,,,,,1,,,,1,,
Huizenga,Bill,Bill Huizenga,,MI,private,,,,,,1,,,,,,,,,,1,,,,,,,,1
Johnson,Bill,Bill Johnson,,OH,public,,,1,,,1,,,,,,,1,,,,,,,,,1,,
Keating,Bill,Bill Keating,,MA,private,,1,1,,,,,,,,,,,,,,,,,,,,1,1
Pascrell Jr.,Bill,Bill Pascrell Jr.,,NJ,private,,,1,,,,1,,,,,,1,,,,,,,,1,,,1
Posey,Bill,Bill Posey,,FL,none,,,,,,,,,,,,,,,,1,,,,,1,,,1
Long,Billy,Billy Long,,MO,none,,,,,,1,,,,,1,,,,,1,,,,,,1,,
Luetkemeyer,Blaine,Blaine Luetkemeyer,,MO,public,,,,,,,,1,,,,,,,,,,,,1,1,,,1
Gibbs,Bob,Bob Gibbs,,OH,none,,,,,,1,,1,,,,,,,,,,,,,,,,1
Rush,Bobby L.,Bobby L. Rush,,IL,private,,,1,,,,,,,1,,,1,,,,1,,,,1,,,
Scott,Bobby,Bobby Scott,,VA,elite,,1,,,,,,,,,,,1,,1,,,,,,,,,1
Watson Coleman,Bonnie,Bonnie Watson Coleman,,NJ,public,,,,,,,,,,,,,,,,,,,,1,,,,1
Schneider,Brad,Brad Schneider,,IL,private,,,1,,,1,,,,,,,,,,,,,,,,1,,
Sherman,Brad,Brad Sherman,,CA,public,,1,,,,,,,,,,,,,1,,,,,1,,,,
Wenstrup,Brad,Brad Wenstrup,,OH,public,1,,,,,,,,,,,1,1,,,,,,,,,1,,
Byrne,Bradley ,Bradley Byrne,,AL,elite,,1,,,,,,,,,,,,,1,,,,,1,,,,1
Lawrence,Brenda,Brenda Lawrence,,MI,public,,,,,1,1,,,,,,,,,,,,,,,1,,,
Boyle,Brendan F.,Brendan F. Boyle,,PA,private,,,1,,,1,,,,,1,,,,,,,,,,,,,1
Guthrie,Brett,Brett Guthrie,,KY,public,,,1,,,1,,,,,,,1,,,,,,,,,,,1
Babin,Brian,Brian Babin,,TX,public,1,,,,,,,,,,,1,1,,,,,,,1,1,,,
Fitzpatrick,Brian,Brian Fitzpatrick,,PA,private,,1,1,,,,,,1,,,,,,1,,,,,,,,1,
Higgins,Brian,Brian Higgins,,NY,public,,,1,,,,1,,,,,,,,,,,,,,1,,,1
Mast,Brian,Brian Mast,,FL,private,,,,,,,,,1,,,,1,,,,,,,,,1,,
Westerman,Bruce ,Bruce Westerman,,AR,public,,,1,,,,,,,,,,,,,,,1,,,1,,,1
Stell,Bryan,Bryan Stell,Republican,WI,private,,1,,,,,,,,,,,,,1,,,,,1,,,,
Ruppersberger,C. A. Dutch,C. A. Dutch Ruppersberger,,MD,none,,1,,,,,,,,,,,,,1,,,,,,1,,1,
Miller,Carol,Carol Miller,Republican,WV,private,,,,,,,,1,,,,,,,,1,,,,,,,,1
Maloney,Carolyn B.,Carolyn B. Maloney,,NY,private,,,,,,,1,,,,,,,,,,,,,,1,,,
McMorris Rodgers,Cathy,Cathy McMorris Rodgers,,WA,private,,,1,,,1,,,,,,,,,,,,,,,,,,1
Richmond,Cedric L.,Cedric L. Richmond,,LA,private,,1,,,,,,,,,,,,,,,,,,,,,,1
Crist,Charlie,Charlie Crist,,FL,public,,1,,,,,,,,,,,,,1,,,,,1,,,1,1
Pingree,Chellie,Chellie Pingree,,ME,private,,,,,,1,,1,,,,,,,,,,,,,1,,,1
Bustos,Cheri,Cheri Bustos,,IL,public,,,1,,,1,,,,,1,,,,,,,,,,1,,,
Roy,Chip,Chip Roy,Republican,TX,public,,1,1,,,1,,,,,,,,,,,,,,,,,1,
Collins,Chris,Chris Collins,,NY,public,,,1,,,1,,,,,,,,,,,,,,,1,,,
Pappas,Chris,Chris Pappas,Democrat,NH,elite,,,,,,1,,,,,,,,,,,,,,1,1,,,1
Stewart,Chris,Chris Stewart,,UT,public,,,,,,1,,,,,1,,1,,,,,,,,,1,,
Houlahan,Chrissy,Chrissy Houlahan,Democrat,PA,elite,,,1,,,1,1,,,,,,1,1,,,,,,,,1,,
Smith,Christopher H.,Christopher H. Smith,,NJ,public,,,,,,1,,,,,,,,1,,,,,,,,1,,
Fleischmann,Chuck,Chuck Fleischmann,,TN,public,,1,,,,,,,,,,,,,1,,,,,,,1,,
Axne,Cindy,Cindy Axne,Democrat,IA,public,,,1,,,1,,,,,,,,,,,,,,1,,,,
Higgins,Clay,Clay Higgins,,LA,none,,,,,,1,,,1,,,,1,,,,,,,,,1,,
Allred,Colin,Colin Allred,Democrat,TX,private,,1,,,,,,,,,,,,,1,,,,1,1,,,,
Peterson,Collin C.,Collin C. Peterson,,MN,public,,,,,,,,,,,,,1,,,,,,,,,,,1
Lamb,Conor,Conor Lamb,Democrat,PA,elite,,1,,,,,,,,,,,1,,,,,,,,,,1,
Crenshaw,Dan,Dan Crenshaw,Republican,TX,private,,,1,,,,,,,,,,1,,,,,,,,,1,,
Meuser,Dan,Dan Meuser,Republican,PA,elite,,,,,,1,,,,,,,,,,,,,,1,,,,
Newhouse,Dan,Dan Newhouse,,WA,public,,,,,,,,1,,,,,,,,,,,,1,,,,1
Lipinski,Daniel,Daniel Lipinski,,IL,private,,,1,1,,,1,,,,,,,,,,,,,,,1,,
Kildee,Daniel T.,Daniel T. Kildee,,MI,public,,,,,,,,,,,,,,1,,,,,,,1,,,
Webster,Daniel,Daniel Webster,,FL,public,,,,,,1,,,,,,,,,,,,,,,,,,1
Davis,Danny K.,Danny K. Davis,,IL,public,,,1,1,1,,1,,,,,,,1,,,,,,,1,,,
LaHood,Darin,Darin LaHood,,IL,private,,1,,,,,,,,,,,,,1,,,,,,,,1,1
Soto,Darren,Darren Soto,,FL,public,,1,,,,,,,,,,,,,1,,,,,,1,,,1
McKinley,David B.,David B. McKinley,,WV,public,,,,,,1,,,,,,,,,,,,1,,,,,,1
Price,David E.,David E. Price,,NC,public,,,,1,,,1,,,,,,,,,,,,,,,1,,
Joyce,David,David Joyce,,OH,private,,1,,,,,,,,,,,,,,,,,,,,,1,
Kustoff,David,David Kustoff,,TN,public,,1,,,,,,,,,,,,,1,,,,,1,,,1,
Loebsack,David,David Loebsack,,IA,public,,,1,1,,,1,,,,,,,,,,,,,,,1,,
Cicilline,David N.,David N. Cicilline,,RI,elite,,1,,,,,,,,,,,,,1,,,,,,1,,1,1
Rouzer,David,David Rouzer,,NC,public,,,,,,1,,,,,,,,,,,,,,,,,,1
Schweikert,David ,David Schweikert,,AZ,public,,,1,,,1,,,,,,,,,,1,,,,1,1,,,1
Scott,David,David Scott,,GA,public,,,1,,,1,,,,,,,,,,,,,,,,,,1
Trone,David,David Trone,Democrat,MD,private,,,1,,,1,,,,,,,,,,,,,,,,1,,
Phillips,Dean,Dean Phillips,Democrat,MN,elite,,,1,,,1,,,,,,,,,,,,,,,,1,,
Haaland,Deb,Deb Haaland,Democrat,NM,public,,1,,,,1,,,,,,,,,,,,,,,1,,,
Dingell,Debbie,Debbie Dingell,,MI,private,,,1,,,1,,,,1,,,,1,,,,,,,1,,,
Lesko,Debbie ,Debbie Lesko,Republican,AZ,public,,,,,,1,,,,,,,,,,,,,,,,,,1
Mucarsel-Powell,Debbie,Debbie Mucarsel-Powell,Democrat,FL,private,,,1,,,1,1,,,,,,,1,,,,,,,,1,,
Wasserman Schultz,Debbie,Debbie Wasserman Schultz,,FL,public,,,1,,,,,,,,,,,,,,,,,,,,,1
Heck,Denny,Denny Heck,,WA,public,,,,,,1,,,,,1,,,,,,,,,,,,,1
Riggleman,Denver,Denver Riggleman,Republican,VA,public,,,,,,1,,,1,,,,1,,,,,,,,,1,,
Kilmer,Derek,Derek Kilmer,,WA,elite,,,,1,,1,,,,,,,,1,,,,,,,,,,1
Nunes,Devin,Devin Nunes,,CA,public,,,1,,,1,,1,,,,,,,,,,,,,1,,,
DeGette,Diana,Diana DeGette,,CO,private,,1,,,,,,,,,,,,,1,,,,,,,,,1
Titus,Dina,Dina Titus,,NV,public,,,1,1,,,1,,,,,,,,,,,,,,,,,1
Bacon,Don,Don Bacon,,NE,public,,,1,,,,1,,,,,,1,,,,,,,,,1,,
Beyer Jr.,Don,Don Beyer Jr.,,VA,private,,,,,,1,,,,,,,,,,,,,,1,,,,
Young,Don ,Don Young,,AK,public,,,,,1,,,,,,,,1,,,,,,,,1,,,1
Payne Jr.,Donald M.,Donald M. Payne Jr.,,NJ,none,,,,,1,1,,,,,,,,,,,,,,,1,,,
McEachin,Donald,Donald McEachin,,VA,private,,1,1,,,,,,,,,,,,1,,,,,,,,,1
Norcross,Donald,Donald Norcross,,NJ,none,,,,,1,,,,,,,,,1,,,,,,,,,,1
Shalala,Donna,Donna Shalala,Democrat,FL,private,,,1,1,,,1,,,,,,,1,,,,,,1,,,,
Matsui,Doris O.,Doris O. Matsui,,CA,public,,,,,,,,,,1,,,,,,,,,,,,1,,
Collins,Doug,Doug Collins,,GA,public,,1,1,,,1,,,,,,,1,,1,,1,,,,,,,1
LaMalfa,Doug,Doug LaMalfa,,CA,public,,,,,,,,1,,,,,,,,,,,,,,,,1
Lamborn,Doug,Doug Lamborn,,CO,public,,1,,,,,,,,,,,,,1,,,,,,,,,1
Ferguson IV,Drew,Drew Ferguson IV,,GA,none,1,,,,,,1,,,,,1,,,,,,,,1,1,,,
Hunter,Duncan,Duncan Hunter,,CA,public,,,,,,1,,,,,,,1,,,1,,,,,,1,,
Johnson,Dusty,Dusty Johnson,Republican,SD,public,,,1,,,1,,,,,,,,,,,,,,1,,,,
Evans,Dwight,Dwight Evans,,PA,private,,,,,,,1,,,,,,,1,,,,,,,,,,1
Blumenauer,Earl,Earl Blumenauer,,OR,private,,1,,,,,,,,,,,,,,,,,,1,1,,,1
Carter,Earl L.,Earl L. Carter,Republican,GA,public,,,,,,1,,,,,,,,,,,,,,,1,,,1
Case,Ed,Ed Case,Democrat,HI,private,,1,,,,,,,,,,,,,1,,,,,,1,,,1
Perlmutter,Ed,Ed Perlmutter,,CO,public,,1,,,,,,,,,,,,,1,,,,,,,,,1
Johnson,Eddie Bernice,Eddie Bernice Johnson,Democrat,TX,private,,,1,,,1,,,,,,1,,,,,,,,,,,,1
Luria,Elaine,Elaine Luria,Democrat,VA,public,,,1,,,1,,,,,,,1,,,,,,,,,1,,
Cummings,Elijah E.,Elijah E. Cummings,,MD,private,,1,,,,,,,,,,,,,1,,,,,,,,,1
Engel,Eliot L.,Eliot L. Engel,,NY,public,,1,1,,,,1,,,,,,,,,,,,,,,,,1
Stefanik,Elise M.,Elise M. Stefanik,,NY,elite,,,,,,1,,,,,,,,,,,,,,,,1,,
Slotkin,Elissa,Elissa Slotkin,Democrat,MI,elite,,,1,,,,,,1,,,,,1,,,,,,1,,,,
Cleaver,Emanuel,Emanuel Cleaver,,MO,public,,,1,,,,,,,,1,,,,,,1,,,,1,,,
Swalwell,Eric,Eric Swalwell,,CA,public,,1,,,,,,,,,,,,,,,,,,,1,,1,
Vela,Filemon,Filemon Vela,,TX,private,,1,,,,,,,,,,,,,1,,,,,,,1,,
Rooney,Francis,Francis Rooney,,FL,private,,1,,,,1,,,,,,,,,,,,,,1,,,,
Lucas,Frank D.,Frank D. Lucas,,OK,public,,,,,,,,1,,,,,,,,,,,,,,,,1
Pallone Jr.,Frank,Frank Pallone Jr.,,NJ,private,,1,1,,,,,,,,,,,,1,,,,,,1,,,1
Upton,Fred,Fred Upton,,MI,public,,,,,,,,,,,,,,,,,,,,,,1,,
Wilson,Frederica S.,Frederica S. Wilson,,FL,private,,,1,,,,1,,,,,,,,,,,,,,1,,,1
Hill,French ,French Hill,,AR,private,,,,,,1,,,,,,,,,,,,,,1,,,,
Butterfield,G. K.,G. K. Butterfield,,NC,public,,1,,,,,,,,,,,1,,1,,,,,,,,1,
Graves,Garret,Garret Graves,,LA,none,,,,,,,,,,,,,,,,,,,,1,,,,
Palmer,Gary ,Gary Palmer,,AL,public,,,,,,,,,,1,,,,,,,,1,,,,1,,
Holding,George,George Holding,,NC,private,,1,,,,,,,,,,,,,1,,,,,,,,1,
Connolly,Gerry,Gerry Connolly,,VA,private,,,1,,,1,,,,,,,,1,,,,,,,1,,,
Cisneros,Gil,Gil Cisneros,Democrat,CA,private,,,1,,,1,,,,,,,1,1,,,,,,,,1,,
Grothman,Glenn,Glenn Grothman,,WI,public,,1,,,,,,,,,,,,,1,,,,,,,,,1
Thompson,Glenn,Glenn Thompson,,PA,public,,,1,,,,,,,,,1,,,,,,,,,1,,,
Napolitano,Grace F.,Grace F. Napolitano,,CA,none,,,,,1,,,,,,,,,,,,,,,,1,,,1
Meng,Grace,Grace Meng,,NY,public,,1,,,,,,,,,,,,,1,,,,,,,,,1
Gianforte,Greg,Greg Gianforte,,MT,private,,,1,,,1,,,,,,,,,,,,1,,,,1,,
Pence,Greg,Greg Pence,Republican,IN,private,,,1,,,1,,,,,,,1,,,,,,,,,1,,
Stanton,Greg ,Greg Stanton,Democrat,AZ,private,,1,,,,,,,,,,,,,,,,,,,1,,1,
Steube,Greg,Greg Steube,Republican,FL,public,,1,,,,,,,,,,,1,,1,,,,,,,,,1
Walden,Greg,Greg Walden,,OR,public,,,,,,,,,,,1,,,,,,,,,,,,,1
Meeks,Gregory W.,Gregory W. Meeks,,NY,private,,1,,,,,,,,,,,,,,,,,,,,,1,1
Bilirakis,Gus M.,Gus M. Bilirakis,,FL,public,,1,,,,,1,,,,,,,,1,,,,,,,,,1
Reschenthaler,Guy,Guy Reschenthaler,Republican,PA,public,,1,,,,,,,,,,,1,,1,,,,,,,,1,1
Moore,Gwen,Gwen Moore,,WI,private,,,,,,,,,,,,,,1,,,,,,,,,,1
Jeffries,Hakeem,Hakeem Jeffries,,NY,public,,1,1,,,,,,,,,,,,1,,,,,,,,,1
Stevens,Haley,Haley Stevens,Democrat,MI,private,,,1,,,1,,,,,,,,,,,,,,,,1,,
Johnson,Hank,Hank Johnson,Democrat,GA,private,,1,,,,,,,,,,,,,1,,,,,,1,,1,
Rouda,Harley,Harley Rouda,Democrat,CA,public,,1,1,,,1,,,,,,,,,1,1,,,,,,1,,
Rogers,Harold,Harold Rogers,,KY,public,,1,,,,,,,,,,,1,,1,,,,,,,,1,
Cuellar,Henry,Henry Cuellar,,TX,private,,1,1,1,,1,,,,,,,,,1,,,,,1,,,,1
Omar,Ilhan,Ilhan Omar,Democrat,MN,public,,,,,,,1,,,,,,,1,,,,,,,,,,1
Bergman,Jack,Jack Bergman,,MI,private,,,1,,,1,,,,,,,1,,,,,,,1,,,,
Speier,Jackie,Jackie Speier,,CA,public,,1,,,,1,,,,,,,,1,1,,,,,,1,,,1
Walorski,Jackie,Jackie Walorski,,IN,private,,,,,,,,,,,1,,,1,,,,,,,,,,1
Hayes,Jahana,Jahana Hayes,Democrat,CT,public,,,1,,,,1,,,,,,,,,,,,,,,1,,
Herrera Beutler,Jaime,Jaime Herrera Beutler,,WA,public,,,,,,,,,,,,,,,,,,,,,,,,1
Comer,James,James Comer,,KY,public,,,,,,1,,1,,,,,,,,,,,,1,,,,1
Clyburn,James E.,James E. Clyburn,,SC,public,,,,,,,1,,,,,,,,,,,,,1,,,,
Raskin,Jamie,Jamie Raskin,,MD,elite,,1,,,,,1,,,,,,,,,,,,,1,,,1,1
Schakowsky,Jan,Jan Schakowsky,,IL,public,,,,,,,1,,,1,,,,,,,,,,,,,,1
Golden,Jared,Jared Golden,Democrat,ME,private,,,,,,1,,,,,,,1,,,,,,,,,,,1
Huffman,Jared,Jared Huffman,,CA,public,,1,,,,,,,,,,,,1,1,,,,,,1,,,1
Crow,Jason,Jason Crow,Democrat,CO,public,,1,,,,,,,,,,,1,,1,,,,,,,1,,
Smith,Jason,Jason Smith,,MO,public,,1,,,,,,1,,,,,,,1,1,,,,,,,,1
Duncan,Jeff,Jeff Duncan,,SC,public,,,,,,,,,,,,,,,,1,,,,,,,,1
Fortenberry,Jeff,Jeff Fortenberry,,NE,public,,,1,,,,,,,,1,,,,,,,,,,1,,,
Drew,Jeff Van,Jeff Van Drew,Democrat,NJ,public,1,,,,,,,,,,,1,,,,,,,,,1,,,1
Wexton,Jennifer,Jennifer Wexton,Democrat,VA,public,,1,,,,,,,,,,,,,1,,,,,,,,1,1
Nadler,Jerrold,Jerrold Nadler,,NY,elite,,1,,,,,,,,,,,,,,,,,,,,,,1
McNerney,Jerry,Jerry McNerney,,CA,public,,,1,1,,1,,,,,,,,,,,,1,,,,1,,
Garcia,Jésus,Jésus Garcia,Democrat,IL,public,,,1,,,,,,,,,,,1,,,,,,,1,,,1
Baird,Jim,Jim Baird,Republican,IN,public,,,1,1,,1,,1,,,,,1,,,,,,,,1,,,1
Banks,Jim,Jim Banks,,IN,public,,,1,,,,,,,,,,1,,,1,,,,,1,,,1
Cooper,Jim,Jim Cooper,,TN,public,,1,1,,,,,,,,,,,,1,,,,,,,1,,
Costa,Jim,Jim Costa,,CA,public,,,,,,,,1,,1,,,,,,,,,,,,,,1
Hagedorn,Jim,Jim Hagedorn,Republican,MN,private,,,,,,1,,,,,,,,,,,,,,,,1,,
Himes,Jim,Jim Himes,,CT,elite,,,1,,,,,,,,,,,1,,,,,,,1,,,
Jordan,Jim,Jim Jordan,,OH,public,,1,1,,,,,,,,,,,,1,,,,1,,,,,1
Langevin,Jim,Jim Langevin,,RI,public,,,1,,,,,,,,,,,,,,,,,1,,,,1
McGovern,Jim,Jim McGovern,,MA,private,,,1,,,,,,,,,,,,,,,,,,,1,,
Sensenbrenner,Jim,Jim Sensenbrenner,,WI,elite,,1,,,,,,,,,,,,,1,,,,,,,,,1
Gomez,Jimmy,Jimmy Gomez,Democrat,CA,public,,,1,,,,,,,,,,,1,,,,,,,,,,1
Panetta,Jimmy,Jimmy Panetta,,CA,public,,1,,,,,,,,,,,1,,,,,,,,,,1,
Castro,Joaquin,Joaquin Castro,,TX,elite,,1,,,,,,,,,,,,,1,,,,,,,,,1
Arrington,Jodey C.,Jodey C. Arrington,,TX,public,,,1,,,1,,,,,,,,,,,,,,,,1,,
Hice,Jody B.,Jody B. Hice,,GA,private,,,1,1,,,,,,,1,,,,,,1,,,,,1,,
Courtney,Joe,Joe Courtney,,CT,private,,1,,,,,,,,,,,,,1,,,,,,,,,1
Cunningham,Joe,Joe Cunningham,Democrat,SC,public,,1,,,,,,,,,,,,,1,,,1,,,,1,,
Neguse,Joe,Joe Neguse,Democrat,CO,public,,1,,,,,,,,,,,,1,1,,,,,1,,,,
Wilson,Joe,Joe Wilson,,SC,private,,1,,,,,,,,,,,1,,1,,,,,,,,1,1
Carter,John,John Carter,,TX,public,,1,,,,,,,,,,,,,1,,,,,,,,1,
Garamendi,John,John Garamendi,,CA,public,,,1,,,1,,1,,,, ,,1,,,,,,1,,,,1
Joyce,John,John Joyce,Republican,PA,public,1,,,,,,,,,,,1,,,,,,,,,,1,,
Katko,John,John Katko,,NY,private,,1,,,,,,,,,,,,,1,,,,,,,,1,
Larson,John,John Larson,,CT,public,,,,,,,1,,,,,,,,,,,,,,1,,,1
Lewis,John,John Lewis,,GA,private,,,,,,,,,,1,,,,,,,,,,,1,,,
Moolenaar,John,John Moolenaar,,MI,private,,,1,,,1,1,,,,,,,,,,,1,,,1,,,1
Curtis,John R.,John R. Curtis,Republican,UT,private,,,,,,1,,,,,,,,,,,,,,,1,,,
Ratcliffe,John,John Ratcliffe,,TX,private,,1,,,,,,,,,,,,,1,,,,,,1,,1,
Rose,John,John Rose,Republican,TN,public,,1,1,,,1,,1,,,,,,,,,,,,1,,,,
Rutherford,John,John Rutherford,,FL,public,,,,,,,,,1,,,,,,,,,,,,,1,,
Sarbanes,John,John Sarbanes,,MD,elite,,1,,,,,,,,,,,,,1,,,,,,,1,,
Shimkus,John,John Shimkus,,IL,public,,,1,,,,1,,,,,,1,,,,,,,,1,,,
Yarmuth,John,John Yarmuth,,KY,elite,,,,,,1,1,,,,1,,,,,,,,,,,1,,
Serrano,José E.,José E. Serrano,,NY,none,,,,,,,,,,,,,1,,,,,,,,1,,,1
Morelle,Joseph,Joseph Morelle,Democrat,NY,public,,,,,,1,,,,,,,,,,,,,,,1,,,1
Kennedy III,Joseph P.,Joseph P. Kennedy III,,MA,elite,,1,,,,,,,,,,,,,,,,,,,,,1,
Gottheimer,Josh,Josh Gottheimer,,NJ,elite,,1,,,,1,,,,,,,,,,,,,,,,1,,
Harder,Josh,Josh Harder,Democrat,CA,elite,,,1,,,1,1,,,,,,,,,,,,,,,1,,
Beatty,Joyce,Joyce Beatty,,OH,public,,,1,,,1,1,,,,,,,,,,,,,,1,,,1
Vargas,Juan,Juan Vargas,,CA,private,,1,1,,,1,,,,,,,,,1,,,,,,1,,,1
Chu,Judy,Judy Chu,,CA,public,,,,1,,,1,,,,,,,,,,,,,1,1,,,1
Brownley,Julia,Julia Brownley,,CA,private,,,1,,,1,,,,,,,,,,,,,,,1,,,1
Amash,Justin,Justin Amash,,MI,public,,1,,,,1,,,,,,,,,1,,,,,,,,,1
Bass,Karen,Karen Bass,,CA,public,,,,,,,1,,,,,1,,1,,,,,,,,,,1
Clark,Katherine M.,Katherine M. Clark,,MA,private,,1,1,,,,,,,,,,,,1,,,,,1,1,,1,1
Rice,Kathleen M.,Kathleen M. Rice,,NY,private,,1,,,,,,,,,,,,,,,,,,,,,1,
Castor,Kathy,Kathy Castor,,FL,private,,1,,,,,,,,,,,,,1,,,,,,1,,,
Hill,Katie,Katie Hill,Democrat,CA,public,,,1,,,,,,,,,,,1,,,,,,,,1,,
Porter,Katie,Katie Porter,Democrat,CA,elite,,1,,,,,1,,,,,,,,,,,,,1,,,,
Granger,Kay,Kay Granger,,TX,private,,,,,,1,1,,,,,,,,,,,,,,1,,,
Armstrong,Kelly,Kelly Armstrong,Republican,ND,public,,1,,,,1,,,,,,,,,1,,,,,,,,,1
Buck,Ken,Ken Buck,,CO,elite,,1,,,,1,,,,,,,,,,,,,,,,,1,
Calvert,Ken,Ken Calvert,,CA,public,,,,,,1,,,,,,,,,,1,,,,,,1,,
Horn,Kendra,Kendra Horn,Democrat,OK,private,,1,,,,,,,,,,,,1,1,,,,,,,1,,
Marchant,Kenny,Kenny Marchant,,TX,private,,,,,,,,,,,,,,,,1,,,,,1,,,1
Brady,Kevin,Kevin Brady,,TX,public,,,,,,,,,,1,,,,,,,,,,,1,,,1
Hern,Kevin,Kevin Hern,Republican,OK,public,,,1,,,1,,,,,,,,,,1,,1,,1,,,,
McCarthy,Kevin,Kevin McCarthy,,CA,public,,,1,,,1,,,,,,,,,,,,,,,1,,,1
Schrier,Kim,Kim Schrier,Democrat,WA,public,1,,,,,,,,,,,1,,,,,,,,,,1,,
Schrader,Kurt,Kurt Schrader,,OR,elite,1,,,,,,,1,,,,1,,,,,,,,,,,,1
Gooden,Lance,Lance Gooden,Republican,TX,public,,,,,,,,,,,,,,,,,,,,,,,,1
Bucshon,Larry,Larry Bucshon,,IN,public,1,,,,,,,,,,,1,1,,,,,,,,,1,,
Underwood,Lauren,Lauren Underwood,Democrat,IL,public,,,1,,,,1,,,,,1,,,,,,,,,,1,,
Zeldin,Lee M.,Lee M. Zeldin,,NY,public,,1,,,,,,,,,,,1,,1,,,,,,,,,1
Sánchez,Linda T.,Linda T. Sánchez,,CA,public,,1,,,,,,,,,,,,1,1,,,,,,,1,,
Blunt Rochester,Lisa,Lisa Blunt Rochester,,DE,private,,,1,,,,,,,,,,,1,,,,,,1,,,,
Cheney,Liz,Liz Cheney,,WY,private,,1,,,,1,,,,,,,,,1,,,,,1,,,,
Pannill Fletcher,Lizzie,Lizzie Pannill Fletcher,Democrat,TX,private,,1,,,,,,,,,,,,,1,,,,,,,1,,
Doggett,Lloyd,Lloyd Doggett,,TX,public,,1,,,,,,,,,,,,,,,,,,,,,1,1
Smucker,Lloyd,Lloyd Smucker,,PA,none,,,,,,1,,,,,,,,,,,,,,,1,,,1
Frankel,Lois,Lois Frankel,,FL,private,,1,,,,,,,,,,,,,1,,,,,,1,,1,1
Trahan,Lori,Lori Trahan,Democrat,MA,private,,,,,,1,,,,,,,,,,,,,,1,,,,
Correa,Lou,Lou Correa,,CA,public,,1,1,,,,,,,,,,,,,1,,,,1,1,,,1
Gohmert,Louie,Louie Gohmert,,TX,public,,1,,,,,,,,,,,1,,1,,,,,,,,1,
Roybal-Allard,Lucille,Lucille Roybal-Allard,,CA,public,,,,,,,,,,,,,,1,,,,,,,,,,1
McBath,Lucy,Lucy McBath,Democrat,GA,public,,,,,1,,,,,1,,,,,,,,,,,,1,,
Thornberry,Mac,Mac Thornberry,,TX,public,,1,,,,,,1,,,,,,,1,,,,,1,,,,
Dean,Madeleine,Madeleine Dean,Democrat,PA,private,,1,,,,,1,,,,1,,,,1,,,,,,1,,,1
Veasey,Marc,Marc Veasey,,TX,private,,,,,,,,,,,1,,,,,1,,,,,,,,1
Fudge,Marcia L.,Marcia L. Fudge,,OH,public,,1,,,,,,,,,,,,,1,,,,,,1,,,
Kaptur,Marcy,Marcy Kaptur,,OH,public,,,1,,,,,,,,,,,1,,,,,,,1,,,
Diaz-Balart,Mario,Mario Diaz-Balart,,FL,none,,,,,,1,,,,,,,,,,,,,,,,,,1
Amodei,Mark,Mark Amodei,,NV,public,,1,,,,,,,,,,,1,,1,,,,,,,,,1
DeSaulnier,Mark,Mark DeSaulnier,,CA,private,,,,,1,1,,,,,,,,,,,,,,,1,,,1
Green,Mark,Mark Green,Republican,TN,public,1,,1,,,1,,,,,,1,1,,,,,,,,,,,1
Meadows,Mark,Mark Meadows,,NC,none,,,,,,1,,,,,,,,,,,,,,,,1,,
Pocan,Mark,Mark Pocan,,WI,public,,,,,,1,,,,,,,,,,,,,,,1,,,1
Takano,Mark,Mark Takano,,CA,elite,,,1,,,,1,,,,,,,,,,,,,,1,,,
Walker,Mark,Mark Walker,,NC,private,,,,,,1,,,,,,,,,,,1,,,,,1,,
Mullin,Markwayne,Markwayne Mullin,,OK,none,,,,,,1,,1,,,,,,,,,,,,,,1,,
Roby,Martha ,Martha Roby,,AL,private,,1,,,,,,,,,,,,,1,,,,,,1,,,
Scanlon,Mary Gay,Mary Gay Scanlon,Democrat,PA,private,,1,,,,,,,,,,,,,1,,,,,,1,,,
Cartwright,Matt,Matt Cartwright,,PA,private,,1,,,,,,,,,,,,,1,,,,,,,1,,
Gaetz,Matt,Matt Gaetz,,FL,public,,1,,,,,,,,,,,,,1,,,,,,,,,1
Rose,Max,Max Rose,Democrat,NY,private,,,1,,,,,,,,,,1,1,,,,,,,,1,,
Waters,Maxine,Maxine Waters,,CA,public,,,,,1,,1,,,,,,,,,,,,,,,,,1
Burgess,Michael C.,Michael C. Burgess,,TX,public,1,,1,,,,,,,,,1,,,,,,,,,,1,,
Cloud,Michael,Michael Cloud,Republican,TX,private,,,,,,1,,,,,,,,,,,,,,,,1,,
Guest,Michael,Michael Guest,Republican,MS,public,,1,,,,,,,,,,,,,,,,,,,,,1,
McCaul,Michael,Michael McCaul,,TX,private,,1,,,,,,,,,,,,,1,,,,,,,,1,
Turner,Michael R.,Michael R. Turner,,OH,private,,1,1,,,,,,,,,,,,1,,,,,,1,,,
Waltz,Michael,Michael Waltz,Republican,FL,public,,,,,,,,,1,,1,,1,,,,,,,,,1,,
Bost,Mike,Mike Bost,,IL,none,,,,,1,1,,,,,,,1,,,,,,,,1,,,1
Conaway,Mike,Mike Conaway,Republican,TX,public,,,,,,,,,,,,,1,,,,,,,1,1,,,
Doyle,Mike,Mike Doyle,,PA,public,,,,,,,,,,,,,,,,,,,,,1,,,
Gallagher,Mike,Mike Gallagher,,WI,elite,,,1,1,,1,,,,,,,1,,,,,,,,,1,,
Johnson,Mike,Mike Johnson,,LA,public,,1,,,,,,,,,,,,,1,,,,,,,,,1
Kelly,Mike,Mike Kelly,,PA,private,,,,,,1,,,,,,,,,,,,,,,1,,,
Levin,Mike,Mike Levin,Democrat,CA,elite,,1,,,,1,,,,,,,,,1,,,,,,,1,,
Quigley,Mike,Mike Quigley,,IL,private,,1,1,,,,1,,,,,,,,1,,,,,,1,,,
Rogers,Mike ,Mike Rogers,,AL,public,,1,1,,,,,,,,,,,1,,1,,,,,1,,1,1
Simpson,Mike,Mike Simpson,,ID,public,1,,,,,,,,,,,1,,,,,,,,,1,,,1
Thompson,Mike,Mike Thompson,,CA,public,,,1,,,1,1,,,,,,1,,,,,,,,,,,1
Sherrill,Mikie,Mikie Sherrill,Democrat,NJ,public,,1,1,,,,,,,,,,1,,1,,,,,,,,1,
Brooks,Mo ,Mo Brooks,,AL,elite,,1,,,,,,,,,,,,,1,,,,,,1,,1,1
Griffith,Morgan,Morgan Griffith,,VA,private,,1,,,,,,,,,,,,,1,,,,,,,,,1
Pelosi,Nancy,Nancy Pelosi,,CA,private,,,,,,1,,,,,,,,,,,,,,,,1,,
Barragán,Nanette Diaz,Nanette Diaz Barragán,,CA,public,,1,,,,,,,,,,,,1,1,,,,,,1,,,
Dunn,Neal,Neal Dunn,,FL,private,1,,,,,,,,,,,1,1,,,,,,,,,1,,
Lowey,Nita,Nita Lowey,,NY,private,,,,,,,,,,,,,,,,,,,,1,,,,
Torres,Norma J.,Norma J. Torres,,CA,private,,,,,1,,,,,,,,,,,,,,,,1,,,1
Velázquez,Nydia M.,Nydia M. Velázquez,,NY,public,,,1,,,,1,,,,,,,,,,,,,1,1,,,
McHenry,Patrick T.,Patrick T. McHenry,,NC,private,,,,,,,,,,1,,,,,,1,,,,1,,,,1
Cook,Paul,Paul Cook,,CA,public,,,1,,,,1,,,,,,1,,,,,,,,1,,,1
Gosar,Paul ,Paul Gosar,,AZ,private,1,,,,,,,,,,,1,,,,,,,,,,1,,
Mitchell,Paul,Paul Mitchell,,MI,public,,,,,,1,,,,,,,,,,,,,,,1,,,
Tonko,Paul,Paul Tonko,,NY,private,,,,,,,,,,,,,,,,,,1,,1,1,,,1
Aguilar,Pete,Pete Aguilar,,CA,private,,,,,,1,,,,,,,,,,,,,,1,1,,,
Olson,Pete,Pete Olson,,TX,private,,1,,,,,,,,,,,1,,,,,,,,,1,,
Stauber,Pete,Pete Stauber,Republican,MN,public,,,,,,,,,1,,,,,,,,,,1,,1,,,
DeFazio,Peter,Peter DeFazio,,OR,private,,,1,,,,,,,,,,1,,,,,,,,1,,,
Visclosky,Peter J.,Peter J. Visclosky,,IN,public,,1,,,,,,,,,,,,,1,,,,,,,1,,
King,Peter T.,Peter T. King,,NY,private,,1,,,,,,,,,,,1,,1,,,,,,1,,1,
Welch,Peter,Peter Welch,,VT,private,,1,,,,,,,,,,,,,1,,,,,,,,1,1
Roe,Phil,Phil Roe,Republican,TN,public,1,,,,,,,,,,,1,1,,,,,,,,1,,,
Jayapal,Pramila,Pramila Jayapal,,WA,private,,,1,,,1,,,,,,,,1,,,,,,,,,,1
Krishnamoorthi,Raja,Raja Krishnamoorthi,,IL,elite,,1,,,,1,,,,,,,,,1,,,,,1,,,1,
Abraham,Ralph,Ralph Abraham,,LA,public,1,,,,,,,,,,,1,1,,,,,,,,,1,,
Norman,Ralph,Ralph Norman,,SC,private,,,,,,,,,,,,,,,,1,,,,,,,,1
Weber,Randy,Randy Weber,,TX,public,,,,,,1,,,,,,,,,,,,,,,1,,,1
Tlaib,Rashida,Rashida Tlaib,Democrat,MI,public,,1,,,,,,,,,,,,1,,,,,,,,,,1
M. Grijalva,Raúl ,Raúl M. Grijalva,,AZ,public,,,,,,,1,,,,,,,1,,,,,,,1,,,
Ruiz,Raul,Raul Ruiz,,CA,public,1,,1,,,,1,,,,,1,,,,,,,,,,1,,
Neal,Richard E.,Richard E. Neal,,MA,private,,,1,,,,1,,,,,,,,,,,,,,1,,,
Hudson,Richard,Richard Hudson,,NC,public,,,,,,1,,,,,,,,,,,,,,,,1,,
Crawford,Rick ,Rick Crawford,,AR,public,,,,,,1,,,,,1,,1,,,,,,,,,1,,
Larsen,Rick,Rick Larsen,,WA,private,,,1,,,,,,,1,,,,,,,,,,,1,,,
Allen,Rick W.,Rick W. Allen,,GA,public,,,,,,1,,,,,,,,,,,,,,,,1,,
Khanna,Ro,Ro Khanna,,CA,elite,,1,,,,,1,,,,,,,,1,,,,,1,,,,
Bishop,Rob,Rob Bishop,,UT,public,,,,,,,1,,,1,,,,,,,,,,,,,,1
Wittman,Rob,Rob Wittman,,VA,public,,,1,1,,,,,,,,,,,,,,,,,1,,,1
Woodall,Rob,Rob Woodall,,GA,private,,1,,,,,,,,,,,,,,,,,,,,1,,
B. Aderholt,Robert ,Robert B. Aderholt,,AL,private,,1,,,,,,,,,,,,,1,,,,,,,,1,
Latta,Robert E.,Robert E. Latta,,OH,public,,1,,,,,,,,,,,,,1,,,,,,1,,,1
Kelly,Robin L.,Robin L. Kelly,,IL,private,,,1,1,,,,,,,,,,,,,,,,,1,,,1
Davis,Rodney,Rodney Davis,,IL,private,,,,,,,,,,,,,,,,,,,,,,1,,
Marshall,Roger W.,Roger W. Marshall,,KS,public,1,,,,,,,,,,,1,1,,,,,,,1,,,,
Williams,Roger,Roger Williams,,TX,private,,,,,,1,,,,,,,,,,,,,1,1,,,,
Estes,Ron,Ron Estes,,KS,public,,,1,,,1,,1,,,,,,,,,,,,1,1,,,
Kind,Ron,Ron Kind,,WI,elite,,1,1,,,,,,,,,,,,1,,,,,,,,1,
Wright,Ron,Ron Wright,Republican,TX,none,,,,,,1,,,,,1,,,,,,,,,,1,,,
DeLauro,Rosa L.,Rosa L. DeLauro,,CT,private,,,1,,,,,,,1,,,,,,,,,,,,1,,
Spano,Ross,Ross Spano,Republican,FL,public,,1,,,,,,,,,,,,,1,,,,,,,,,1
Gallego,Ruben ,Ruben Gallego,,AZ,elite,,,,,,1,,,,,,,1,,,,,,,,,,,1
Fulcher,Russ,Russ Fulcher,Republican,ID,public,,,1,,,1,,,,,,,,,,1,,,,,,,,1
Carbajal,Salud,Salud Carbajal,,CA,public,,,1,,,,,,,,,,1,,,,,,,,1,,,
Graves,Sam,Sam Graves,,MO,public,,,,,,,,1,,,,,,,,,,,,,,,,1
Bishop Jr.,Sanford D.,Sanford D. Bishop Jr.,,GA,private,,1,,,,,,,,,,,1,,1,,,,,,,,,1
DesJarlais,Scott,Scott DesJarlais,,TN,public,1,,,,,,,,,,,1,,,,,,,,,,1,,
Perry,Scott,Scott Perry,,PA,public,,,,,1,1,,,,,,,1,,,,,,,,,,,1
Peters,Scott,Scott Peters,,CA,elite,,1,,,,,,,,,,,,,1,,,,,1,1,,1,
Tipton,Scott R.,Scott R. Tipton,,CO,public,,,,,,1,,,,,,,,,,,,,,,,,,1
Casten,Sean,Sean Casten,Democrat,IL,private,,,1,,,1,,,,,,,,,,,,1,,,,1,,
Duffy,Sean P.,Sean P. Duffy,,WI,private,,1,,,,,,,,,,,,,1,,,,1,,,,1,
Maloney,Sean Patrick,Sean Patrick Maloney,,NY,public,,1,,,,1,,,,,,,,,1,,,,,,,1,,
Moulton,Seth,Seth Moulton,,MA,elite,,,1,,,1,,,,,,,1,,,,,,,,,1,,
Davids,Sharice,Sharice Davids,Democrat,KS,public,,1,,,,1,,,,,,,,1,1,,,,1,,,1,,
Jackson Lee,Sheila,Sheila Jackson Lee,,TX,elite,,1,,,,,,,,,,,,,1,,,,,,1,,1,
Hoyer,Steny H.,Steny H. Hoyer,,MD,public,,1,,,,,,,,,,,,,1,,,,,1,,,,1
Murphy,Stephanie,Stephanie Murphy,,FL,public,,,1,,,1,1,,,,,,,,,,,,,,,1,,
Lynch,Stephen F.,Stephen F. Lynch,,MA,private,,1,1,,1,,,,,,,,,1,1,,,,,,,,,1
Chabot,Steve,Steve Chabot,,OH,public,,1,,,,,1,,,,,,,,1,,,,,,1,,,
Cohen,Steve,Steve Cohen,,TN,private,,1,,,,,,,,,,,,,1,,,,,,1,,1,1
King,Steve,Steve King,,IA,none,,,,,,1,,,,,,,,,,,,,,,,,,1
Scalise,Steve,Steve Scalise,,LA,public,,,,,,1,,,,,,,,,,,,1,,,,,,1
Stivers,Steve,Steve Stivers,,OH,public,,,1,,,1,,,,1,,,1,,,,,,,,,,,1
Watkins,Steve,Steve Watkins,Republican,KS,public,,,1,,,1,,,,,,,1,,,,,,,,,1,,
Womack,Steve ,Steve Womack,,AR,public,,,,,,,,,,,1,,1,,,,,,,,1,,,
Horsford,Steven,Steven Horsford,Democrat,NV,public,,,,,,1,,,,,,,,1,,,,,,,,,,1
Palazzo,Steven M.,Steven M. Palazzo,,MS,public,,,1,,,1,,,,,,,1,,,,,,,,,,,1
Davis,Susan A.,Susan A. Davis,,CA,public,,,1,,,,,,,,1,,,1,,,,,,,1,,,1
Brooks,Susan W.,Susan W. Brooks,,IN,public,,1,,,,,,,,,,,,,1,,,,,,1,,1,
Wild,Susan,Susan Wild,Democrat,PA,private,,1,,,,,,,,,,,,,1,,,,,,,,1,
Lee,Susie,Susie Lee,Democrat,NV,private,,,1,,,,,,,,,,,1,,,,,,,,1,,
DelBene,Suzan,Suzan DelBene,,WA,private,,,1,,,1,,,,,,,,,,,,,,1,,,,
Bonamici,Suzanne,Suzanne Bonamici,,OR,public,,1,,,,,,,,,,,,,1,,,,,,,,1,1
Garcia,Sylvia,Sylvia Garcia,Democrat,TX,public,,1,,,,,,,,,,,,1,,,,,,,1,,1,1
Cox,T.J.,T.J. Cox,Democrat,CA,public,,,1,,,1,,,,,,,,,,,,1,,,,1,,
Budd,Ted,Ted Budd,,NC,public,,,1,,,1,,,,,,,,,,,,,,,,1,,
Deutch,Ted,Ted Deutch,,FL,public,,1,,,,,,,,,,,,,1,,,,,,,,,1
Lieu,Ted,Ted Lieu,,CA,elite,,1,,,,,,,,,,,1,,1,,,,,,1,,,1
Yoho,Ted,Ted Yoho,,FL,public,1,,,,,,,,,,,1,,,,,,,,,,1,,
Sewell,Terri ,Terri Sewell,,AL,elite,,1,1,,,,,,,,,,,,1,,,,,,,1,,
Massie,Thomas,Thomas Massie,,KY,elite,,,1,,,1,,1,,,,,,,,,,,,,1,,,
Suozzi,Thomas R.,Thomas R. Suozzi,,NY,private,,1,,,,,,,,,,,,,1,,,,,,1,,,
Burchett,Tim,Tim Burchett,Republican,TN,public,,,,,,1,,,,,,,,,,,,,,,1,,,1
Ryan,Tim,Tim Ryan,,OH,public,,1,,,,,,,,,,,,,,,,,,,,,,1
Walberg,Tim,Tim Walberg,,MI,private,,,1,,,,,,,,,,,1,,,1,,,,,,,1
Cole,Tom,Tom Cole,,OK,private,,,1,1,,1,1,,,,,,,,,,,,,1,,,,1
Emmer,Tom,Tom Emmer,,MN,public,,1,,,,,,,,1,1,,,,1,,,,,,1,,,1
Graves,Tom,Tom Graves,,GA,public,,,,,,1,,,,,,,,,,1,,,,,1,,,1
Malinowski,Tom,Tom Malinowski,Democrat,NJ,public,,,1,,,,,,,,,,,1,,,,,,1,,,,
Marino,Tom,Tom Marino,,PA,private,,1,,,1,1,,,,,,,,,1,,,,,,,,1,
McClintock,Tom,Tom McClintock,,CA,public,,,,,,,,,,,1,,,,,,,,,,,,,1
O'Halleran,Tom ,Tom O'Halleran,,AZ,none,,,,,,1,,,1,,,,,,,,,,,,,,,1
Reed,Tom,Tom Reed,,NY,private,,1,,,,1,,,,,,,,,1,1,,,,,1,,,
Rice,Tom,Tom Rice,,SC,public,,1,1,,,,,,,,,,,,1,,,,,,1,,,
Cárdenas,Tony,Tony Cárdenas,,CA,public,,,,,,,,,,,,,,,,1,,1,,,1,,,1
Kelly,Trent,Trent Kelly,,MS,public,,1,1,,,1,,,,,,,1,,1,,,,,,,,1,
Hollingsworth,Trey,Trey Hollingsworth,,IN,elite,,,1,,,1,,,,,,,,,,,,,,,,1,,
Balderson,Troy,Troy Balderson,Republican,OH,none,,,,,,1,,1,,,,,,,,,,,,,,,,1
Gabbard,Tulsi,Tulsi Gabbard,,HI,private,,,,,,1,,,,,,,1,,,,,,,,1,,,1
Demings,Val,Val Demings,,FL,public,,,1,,,,,,1,,,,,,,,,,,,,1,,
Taylor,Van,Van Taylor,Republican,TX,elite,,,1,,,,,,,,,,1,,,1,,,,,,,,1
Buchanan,Vern,Vern Buchanan,,FL,private,,,1,,,1,,,,,,,1,,,,,,,,,1,,
Escobar,Veronica,Veronica Escobar,Democrat,TX,public,,,1,,,,1,,,,,,,1,,,,,,,1,,1,
Gonzalez,Vicente,Vicente Gonzalez,,TX,private,,1,,,,,,,,,,,,,1,,,,,,,1,,
Hartzler,Vicky,Vicky Hartzler,,MO,public,,,1,,,1,1,1,,,,,,,,,,,,,,,,1
Foxx,Virginia,Virginia Foxx,,NC,public,,,1,1,,1,1,,,,,,,,,,,,,,1,,,1
Jones,Walter B.,Walter B. Jones,,NC,private,,,,,,1,,,,,,,1,,,,,,,,,,,1
Davidson,Warren,Warren Davidson,,OH,public,,,1,,,1,,,,,,,1,,,,,,,,1,,,
Hurd,Will,Will Hurd,,TX,public,,,,,,1,,,1,,,,,,,,,,,,,1,,
Clay,William Lacy,William Lacy Clay,,MO,public,,,,,,,,,,,,,,,,1,,,,,,,,1
Timmons,William,William Timmons,Republican,SC,private,,1,1,,,1,,,,,,,1,,,,,,,,,,1,1
Small,Xochitl Torres,Xochitl Torres Small,Democrat,NM,private,,1,,,,,,,,,,,,,1,,,,,,,1,,
Clarke,Yvette D.,Yvette D. Clarke,,NY,none,,,,,,,,,,,,,,1,,,,,,,1,,,
Lofgren,Zoe,Zoe Lofgren,,CA,elite,,1,,,,,1,,,,,,,1,1,,,,,,1,,,
,,,,,,21,159,148,21,16,159,60,22,12,17,20,27,77,51,127,24,6,14,8,62,141,105,60,199
,,,,,,4.84%,36.64%,34.10%,4.84%,3.69%,36.64%,13.82%,5.07%,2.76%,3.92%,4.61%,6.22%,17.74%,11.75%,29.26%,5.53%,1.38%,3.23%,1.84%,14.29%,32.49%,24.19%,13.82%,45.85%